instant,dteday,yr,mnth,holiday,weekday,workingday,casual,registered,count,powerCon
1,1/1/2011,0,1,1,6,0,331,654,985,29.87
2,1/2/2011,0,1,0,0,0,131,670,801,15.1
3,1/3/2011,0,1,0,1,1,120,1229,1349,20.54
4,1/4/2011,0,1,0,2,1,108,1454,1562,20.82
5,1/5/2011,0,1,0,3,1,82,1518,1600,22.76
6,1/6/2011,0,1,0,4,1,88,1518,1606,34.69
7,1/7/2011,0,1,0,5,1,148,1362,1510,19.63
8,1/8/2011,0,1,0,6,0,68,891,959,28.57
9,1/9/2011,0,1,0,0,0,54,768,822,10.51
10,1/10/2011,0,1,0,1,1,41,1280,1321,22.45
11,1/11/2011,0,1,0,2,1,43,1220,1263,24.39
12,1/12/2011,0,1,0,3,1,25,1137,1162,26.33
13,1/13/2011,0,1,0,4,1,38,1368,1406,28.27
14,1/14/2011,0,1,0,5,1,54,1367,1421,30.2
15,1/15/2011,0,1,0,6,0,222,1026,1248,28.14
16,1/16/2011,0,1,0,0,0,251,953,1204,10.08
17,1/17/2011,0,1,1,1,0,117,883,1000,21.6
18,1/18/2011,0,1,0,2,1,9,674,683,25.96
19,1/19/2011,0,1,0,3,1,78,1572,1650,39.9
20,1/20/2011,0,1,0,4,1,83,1844,1927,14.3
21,1/21/2011,0,1,0,5,1,75,1468,1543,9.73
22,1/22/2011,0,1,0,6,0,93,888,981,27.16
23,1/23/2011,0,1,0,0,0,150,836,986,10.59
24,1/24/2011,0,1,0,1,1,86,1330,1416,21.02
25,1/25/2011,0,1,0,2,1,186,1799,1985,11.45
26,1/26/2011,0,1,0,3,1,34,472,506,11.88
27,1/27/2011,0,1,0,4,1,15,416,431,12.31
28,1/28/2011,0,1,0,5,1,38,1129,1167,12.74
29,1/29/2011,0,1,0,6,0,123,975,1098,23.17
30,1/30/2011,0,1,0,0,0,140,956,1096,10.61
31,1/31/2011,0,1,0,1,1,42,1459,1501,24.55
32,2/1/2011,0,2,0,2,1,47,1313,1360,14.47
33,2/2/2011,0,2,0,3,1,72,1454,1526,14.9
34,2/3/2011,0,2,0,4,1,61,1489,1550,15.33
35,2/4/2011,0,2,0,5,1,88,1620,1708,15.76
36,2/5/2011,0,2,0,6,0,100,905,1005,26.19
37,2/6/2011,0,2,0,0,0,354,1269,1623,10.62
38,2/7/2011,0,2,0,1,1,120,1592,1712,23.43
39,2/8/2011,0,2,0,2,1,64,1466,1530,17.48
40,2/9/2011,0,2,0,3,1,53,1552,1605,17.91
41,2/10/2011,0,2,0,4,1,47,1491,1538,18.34
42,2/11/2011,0,2,0,5,1,149,1597,1746,18.78
43,2/12/2011,0,2,0,6,0,288,1184,1472,29.21
44,2/13/2011,0,2,0,0,0,397,1192,1589,11.64
45,2/14/2011,0,2,0,1,1,208,1705,1913,20.07
46,2/15/2011,0,2,0,2,1,140,1675,1815,20.5
47,2/16/2011,0,2,0,3,1,218,1897,2115,20.93
48,2/17/2011,0,2,0,4,1,259,2216,2475,21.36
49,2/18/2011,0,2,0,5,1,579,2348,2927,21.79
50,2/19/2011,0,2,0,6,0,532,1103,1635,22.22
51,2/20/2011,0,2,0,0,0,639,1173,1812,10.02
52,2/21/2011,0,2,0,1,0,195,912,1107,25.45
53,2/22/2011,0,2,0,2,1,74,1376,1450,23.06
54,2/23/2011,0,2,0,3,1,139,1778,1917,29.08
55,2/24/2011,0,2,0,4,1,100,1707,1807,35.1
56,2/25/2011,0,2,0,5,1,120,1341,1461,24.14
57,2/26/2011,0,2,0,6,0,424,1545,1969,26.48
58,2/27/2011,0,2,0,0,0,694,1708,2402,10.81
59,2/28/2011,0,2,0,1,1,81,1365,1446,22.42
60,3/1/2011,0,3,0,2,1,137,1714,1851,14.49
61,3/2/2011,0,3,0,3,1,231,1903,2134,15.83
62,3/3/2011,0,3,0,4,1,123,1562,1685,17.17
63,3/4/2011,0,3,0,5,1,214,1730,1944,18.5
64,3/5/2011,0,3,0,6,0,640,1437,2077,19.84
65,3/6/2011,0,3,0,0,0,114,491,605,9.18
66,3/7/2011,0,3,0,1,1,244,1628,1872,22.52
67,3/8/2011,0,3,0,2,1,316,1817,2133,23.85
68,3/9/2011,0,3,0,3,1,191,1700,1891,25.19
69,3/10/2011,0,3,0,4,1,46,577,623,26.53
70,3/11/2011,0,3,0,5,1,247,1730,1977,27.87
71,3/12/2011,0,3,0,6,0,724,1408,2132,29.21
72,3/13/2011,0,3,0,0,0,982,1435,2417,11.54
73,3/14/2011,0,3,0,1,1,359,1687,2046,22.51
74,3/15/2011,0,3,0,2,1,289,1767,2056,33.22
75,3/16/2011,0,3,0,3,1,321,1871,2192,34.56
76,3/17/2011,0,3,0,4,1,424,2320,2744,35.9
77,3/18/2011,0,3,0,5,1,884,2355,3239,37.23
78,3/19/2011,0,3,0,6,0,1424,1693,3117,28.57
79,3/20/2011,0,3,0,0,0,1047,1424,2471,10.91
80,3/21/2011,0,3,0,1,1,401,1676,2077,27.22
81,3/22/2011,0,3,0,2,1,460,2243,2703,9.46
82,3/23/2011,0,3,0,3,1,203,1918,2121,9.76
83,3/24/2011,0,3,0,4,1,166,1699,1865,10.06
84,3/25/2011,0,3,0,5,1,300,1910,2210,10.36
85,3/26/2011,0,3,0,6,0,981,1515,2496,10.65
86,3/27/2011,0,3,0,0,0,472,1221,1693,10.95
87,3/28/2011,0,3,0,1,1,222,1806,2028,26.12
88,3/29/2011,0,3,0,2,1,317,2108,2425,11.54
89,3/30/2011,0,3,0,3,1,168,1368,1536,11.84
90,3/31/2011,0,3,0,4,1,179,1506,1685,12.14
91,4/1/2011,0,4,0,5,1,307,1920,2227,12.44
92,4/2/2011,0,4,0,6,0,898,1354,2252,25.73
93,4/3/2011,0,4,0,0,0,1651,1598,3249,11.03
94,4/4/2011,0,4,0,1,1,734,2381,3115,20.74
95,4/5/2011,0,4,0,2,1,167,1628,1795,13.63
96,4/6/2011,0,4,0,3,1,413,2395,2808,13.92
97,4/7/2011,0,4,0,4,1,571,2570,3141,14.22
98,4/8/2011,0,4,0,5,1,172,1299,1471,14.52
99,4/9/2011,0,4,0,6,0,879,1576,2455,26.81
100,4/10/2011,0,4,0,0,0,1188,1707,2895,9.06
101,4/11/2011,0,4,0,1,1,855,2493,3348,21.12
102,4/12/2011,0,4,0,2,1,257,1777,2034,29.18
103,4/13/2011,0,4,0,3,1,209,1953,2162,37.24
104,4/14/2011,0,4,0,4,1,529,2738,3267,10.07
105,4/15/2011,0,4,1,5,0,642,2484,3126,11.86
106,4/16/2011,0,4,0,6,0,121,674,795,21.65
107,4/17/2011,0,4,1,0,0,1558,2186,3744,10.44
108,4/18/2011,0,4,1,1,1,669,2760,3429,23.72
109,4/19/2011,0,4,0,2,1,409,2795,3204,19.02
110,4/20/2011,0,4,0,3,1,613,3331,3944,20.82
111,4/21/2011,0,4,0,4,1,745,3444,4189,22.61
112,4/22/2011,0,4,0,5,1,177,1506,1683,24.4
113,4/23/2011,0,4,0,6,0,1462,2574,4036,26.19
114,4/24/2011,0,4,0,0,0,1710,2481,4191,10.98
115,4/25/2011,0,4,0,1,1,773,3300,4073,28.77
116,4/26/2011,0,4,0,2,1,678,3722,4400,31.56
117,4/27/2011,0,4,0,3,1,547,3325,3872,33.36
118,4/28/2011,0,4,0,4,1,569,3489,4058,35.15
119,4/29/2011,0,4,0,5,1,878,3717,4595,36.94
120,4/30/2011,0,4,0,6,0,1965,3347,5312,38.73
121,5/1/2011,0,5,1,0,0,1138,2213,3351,10.97
122,5/2/2011,0,5,0,1,1,847,3554,4401,23.74
123,5/3/2011,0,5,0,2,1,603,3848,4451,15.81
124,5/4/2011,0,5,0,3,1,255,2378,2633,24.21
125,5/5/2011,0,5,0,4,1,614,3819,4433,10.69
126,5/6/2011,0,5,0,5,1,894,3714,4608,14.52
127,5/7/2011,0,5,0,6,0,1612,3102,4714,26.39
128,5/8/2011,0,5,0,0,0,1401,2932,4333,11.79
129,5/9/2011,0,5,0,1,1,664,3698,4362,22.67
130,5/10/2011,0,5,0,2,1,694,4109,4803,12.59
131,5/11/2011,0,5,0,3,1,550,3632,4182,23.99
132,5/12/2011,0,5,0,4,1,695,4169,4864,13.38
133,5/13/2011,0,5,0,5,1,692,3413,4105,24.78
134,5/14/2011,0,5,0,6,0,902,2507,3409,24.18
135,5/15/2011,0,5,0,0,0,1582,2971,4553,20.58
136,5/16/2011,0,5,0,1,1,773,3185,3958,26.77
137,5/17/2011,0,5,0,2,1,678,3445,4123,15.37
138,5/18/2011,0,5,0,3,1,536,3319,3855,15.77
139,5/19/2011,0,5,0,4,1,735,3840,4575,16.17
140,5/20/2011,0,5,0,5,1,909,4008,4917,16.57
141,5/21/2011,0,5,0,6,0,2258,3547,5805,24.97
142,5/22/2011,0,5,0,0,0,1576,3084,4660,27.36
143,5/23/2011,0,5,0,1,1,836,3438,4274,24.34
144,5/24/2011,0,5,0,2,1,659,3833,4492,18.16
145,5/25/2011,0,5,0,3,1,740,4238,4978,20.56
146,5/26/2011,0,5,0,4,1,758,3919,4677,18.96
147,5/27/2011,0,5,0,5,1,871,3808,4679,19.36
148,5/28/2011,0,5,0,6,0,2001,2757,4758,19.75
149,5/29/2011,0,5,1,0,0,2355,2433,4788,25.24
150,5/30/2011,0,5,0,1,0,1549,2549,4098,25.2
151,5/31/2011,0,5,0,2,1,673,3309,3982,35.31
152,6/1/2011,0,6,0,3,1,513,3461,3974,10.09
153,6/2/2011,0,6,0,4,1,736,4232,4968,12.34
154,6/3/2011,0,6,0,5,1,898,4414,5312,14.58
155,6/4/2011,0,6,0,6,0,1869,3473,5342,26.83
156,6/5/2011,0,6,0,0,0,1685,3221,4906,24.07
157,6/6/2011,0,6,0,1,1,673,3875,4548,21.32
158,6/7/2011,0,6,0,2,1,763,4070,4833,23.56
159,6/8/2011,0,6,0,3,1,676,3725,4401,25.8
160,6/9/2011,0,6,0,4,1,563,3352,3915,28.05
161,6/10/2011,0,6,0,5,1,815,3771,4586,30.29
162,6/11/2011,0,6,0,6,0,1729,3237,4966,22.54
163,6/12/2011,0,6,1,0,0,1467,2993,4460,11.78
164,6/13/2011,0,6,0,1,1,863,4157,5020,28.42
165,6/14/2011,0,6,0,2,1,727,4164,4891,39.27
166,6/15/2011,0,6,0,3,1,769,4411,5180,23.41
167,6/16/2011,0,6,0,4,1,545,3222,3767,21.73
168,6/17/2011,0,6,0,5,1,863,3981,4844,10.22
169,6/18/2011,0,6,0,6,0,1807,3312,5119,27.72
170,6/19/2011,0,6,0,0,0,1639,3105,4744,24.22
171,6/20/2011,0,6,0,1,1,699,3311,4010,21.43
172,6/21/2011,0,6,0,2,1,774,4061,4835,12.22
173,6/22/2011,0,6,0,3,1,661,3846,4507,12.72
174,6/23/2011,0,6,0,4,1,746,4044,4790,13.22
175,6/24/2011,0,6,0,5,1,969,4022,4991,13.72
176,6/25/2011,0,6,0,6,0,1782,3420,5202,24.22
177,6/26/2011,0,6,0,0,0,1920,3385,5305,11.71
178,6/27/2011,0,6,0,1,1,854,3854,4708,25.11
179,6/28/2011,0,6,0,2,1,732,3916,4648,15.71
180,6/29/2011,0,6,0,3,1,848,4377,5225,16.21
181,6/30/2011,0,6,0,4,1,1027,4488,5515,16.71
182,7/1/2011,0,7,0,5,1,1246,4116,5362,17.21
183,7/2/2011,0,7,0,6,0,2204,2915,5119,27.71
184,7/3/2011,0,7,0,0,0,2282,2367,4649,10.21
185,7/4/2011,0,7,1,1,0,3065,2978,6043,26.44
186,7/5/2011,0,7,0,2,1,1031,3634,4665,19.2
187,7/6/2011,0,7,0,3,1,784,3845,4629,19.7
188,7/7/2011,0,7,0,4,1,754,3838,4592,20.2
189,7/8/2011,0,7,0,5,1,692,3348,4040,20.7
190,7/9/2011,0,7,0,6,0,1988,3348,5336,21.2
191,7/10/2011,0,7,0,0,0,1743,3138,4881,9.7
192,7/11/2011,0,7,0,1,1,723,3363,4086,22.2
193,7/12/2011,0,7,0,2,1,662,3596,4258,22.7
194,7/13/2011,0,7,0,3,1,748,3594,4342,23.19
195,7/14/2011,0,7,0,4,1,888,4196,5084,23.69
196,7/15/2011,0,7,0,5,1,1318,4220,5538,24.19
197,7/16/2011,0,7,0,6,0,2418,3505,5923,27.14
198,7/17/2011,0,7,0,0,0,2006,3296,5302,11.29
199,7/18/2011,0,7,0,1,1,841,3617,4458,28.44
200,7/19/2011,0,7,0,2,1,752,3789,4541,11.9
201,7/20/2011,0,7,0,3,1,644,3688,4332,14.6
202,7/21/2011,0,7,0,4,1,632,3152,3784,17.3
203,7/22/2011,0,7,0,5,1,562,2825,3387,20
204,7/23/2011,0,7,0,6,0,987,2298,3285,22.7
205,7/24/2011,0,7,0,0,0,1050,2556,3606,12.4
206,7/25/2011,0,7,0,1,1,568,3272,3840,28.1
207,7/26/2011,0,7,0,2,1,750,3840,4590,26.78
208,7/27/2011,0,7,0,3,1,755,3901,4656,21
209,7/28/2011,0,7,0,4,1,606,3784,4390,19.14
210,7/29/2011,0,7,0,5,1,670,3176,3846,12.12
211,7/30/2011,0,7,0,6,0,1559,2916,4475,29.24
212,7/31/2011,0,7,0,0,0,1524,2778,4302,9.84
213,8/1/2011,0,8,0,1,1,729,3537,4266,20.44
214,8/2/2011,0,8,0,2,1,801,4044,4845,11.04
215,8/3/2011,0,8,0,3,1,467,3107,3574,11.64
216,8/4/2011,0,8,0,4,1,799,3777,4576,12.24
217,8/5/2011,0,8,0,5,1,1023,3843,4866,12.84
218,8/6/2011,0,8,0,6,0,1521,2773,4294,23.44
219,8/7/2011,0,8,0,0,0,1298,2487,3785,14.04
220,8/8/2011,0,8,0,1,1,846,3480,4326,24.64
221,8/9/2011,0,8,0,2,1,907,3695,4602,15.24
222,8/10/2011,0,8,1,3,1,884,3896,4780,30.41
223,8/11/2011,0,8,1,4,1,812,3980,4792,29.98
224,8/12/2011,0,8,0,5,1,1051,3854,4905,17.04
225,8/13/2011,0,8,0,6,0,1504,2646,4150,27.64
226,8/14/2011,0,8,0,0,0,1338,2482,3820,9.24
227,8/15/2011,0,8,0,1,1,775,3563,4338,23.56
228,8/16/2011,0,8,0,2,1,721,4004,4725,19.44
229,8/17/2011,0,8,0,3,1,668,4026,4694,20.04
230,8/18/2011,0,8,0,4,1,639,3166,3805,20.63
231,8/19/2011,0,8,0,5,1,797,3356,4153,21.23
232,8/20/2011,0,8,0,6,0,1914,3277,5191,21.83
233,8/21/2011,0,8,0,0,0,1249,2624,3873,11.43
234,8/22/2011,0,8,0,1,1,833,3925,4758,23.03
235,8/23/2011,0,8,0,2,1,1281,4614,5895,23.63
236,8/24/2011,0,8,0,3,1,949,4181,5130,24.23
237,8/25/2011,0,8,0,4,1,435,3107,3542,24.83
238,8/26/2011,0,8,0,5,1,768,3893,4661,25.43
239,8/27/2011,0,8,0,6,0,226,889,1115,26.03
240,8/28/2011,0,8,0,0,0,1415,2919,4334,11.63
241,8/29/2011,0,8,0,1,1,729,3905,4634,27.23
242,8/30/2011,0,8,0,2,1,775,4429,5204,27.83
243,8/31/2011,0,8,0,3,1,688,4370,5058,28.43
244,9/1/2011,0,9,0,4,1,783,4332,5115,29.03
245,9/2/2011,0,9,0,5,1,875,3852,4727,5
246,9/3/2011,0,9,0,6,0,1935,2549,4484,25.01
247,9/4/2011,0,9,0,0,0,2521,2419,4940,11.51
248,9/5/2011,0,9,1,1,0,1236,2115,3351,23.23
249,9/6/2011,0,9,0,2,1,204,2506,2710,30.96
250,9/7/2011,0,9,0,3,1,118,1878,1996,38.68
251,9/8/2011,0,9,0,4,1,153,1689,1842,10.31
252,9/9/2011,0,9,0,5,1,417,3127,3544,12.03
253,9/10/2011,0,9,0,6,0,1750,3595,5345,23.75
254,9/11/2011,0,9,0,0,0,1633,3413,5046,12.46
255,9/12/2011,0,9,0,1,1,690,4023,4713,27.45
256,9/13/2011,0,9,0,2,1,701,4062,4763,18.9
257,9/14/2011,0,9,0,3,1,647,4138,4785,20.61
258,9/15/2011,0,9,0,4,1,428,3231,3659,22.33
259,9/16/2011,0,9,0,5,1,742,4018,4760,24.05
260,9/17/2011,0,9,0,6,0,1434,3077,4511,25.76
261,9/18/2011,0,9,0,0,0,1353,2921,4274,12.48
262,9/19/2011,0,9,0,1,1,691,3848,4539,29.2
263,9/20/2011,0,9,0,2,1,438,3203,3641,30.91
264,9/21/2011,0,9,0,3,1,539,3813,4352,32.63
265,9/22/2011,0,9,0,4,1,555,4240,4795,34.35
266,9/23/2011,0,9,0,5,1,258,2137,2395,36.06
267,9/24/2011,0,9,0,6,0,1776,3647,5423,27.78
268,9/25/2011,0,9,0,0,0,1544,3466,5010,13.5
269,9/26/2011,0,9,0,1,1,684,3946,4630,23.56
270,9/27/2011,0,9,0,2,1,477,3643,4120,9.54
271,9/28/2011,0,9,0,3,1,480,3427,3907,9.92
272,9/29/2011,0,9,0,4,1,653,4186,4839,10.3
273,9/30/2011,0,9,0,5,1,830,4372,5202,10.68
274,10/1/2011,0,10,1,6,0,480,1949,2429,21.07
275,10/2/2011,0,10,0,0,0,616,2302,2918,11.45
276,10/3/2011,0,10,0,1,1,330,3240,3570,21.83
277,10/4/2011,0,10,0,2,1,486,3970,4456,12.21
278,10/5/2011,0,10,0,3,1,559,4267,4826,12.59
279,10/6/2011,0,10,0,4,1,639,4126,4765,12.97
280,10/7/2011,0,10,0,5,1,949,4036,4985,13.36
281,10/8/2011,0,10,0,6,0,2235,3174,5409,23.74
282,10/9/2011,0,10,0,0,0,2397,3114,5511,10.12
283,10/10/2011,0,10,0,1,0,1514,3603,5117,24.53
284,10/11/2011,0,10,0,2,1,667,3896,4563,14.88
285,10/12/2011,0,10,0,3,1,217,2199,2416,15.26
286,10/13/2011,0,10,0,4,1,290,2623,2913,15.64
287,10/14/2011,0,10,0,5,1,529,3115,3644,16.03
288,10/15/2011,0,10,0,6,0,1899,3318,5217,26.41
289,10/16/2011,0,10,0,0,0,1748,3293,5041,16.79
290,10/17/2011,0,10,0,1,1,713,3857,4570,27.17
291,10/18/2011,0,10,0,2,1,637,4111,4748,17.55
292,10/19/2011,0,10,0,3,1,254,2170,2424,17.93
293,10/20/2011,0,10,0,4,1,471,3724,4195,18.31
294,10/21/2011,0,10,0,5,1,676,3628,4304,18.7
295,10/22/2011,0,10,0,6,0,1499,2809,4308,23.9
296,10/23/2011,0,10,0,0,0,1619,2762,4381,12.01
297,10/24/2011,0,10,0,1,1,699,3488,4187,22.49
298,10/25/2011,0,10,0,2,1,695,3992,4687,29.97
299,10/26/2011,0,10,0,3,1,404,3490,3894,37.45
300,10/27/2011,0,10,0,4,1,240,2419,2659,9.98
301,10/28/2011,0,10,0,5,1,456,3291,3747,11.65
302,10/29/2011,0,10,0,6,0,57,570,627,23.31
303,10/30/2011,0,10,0,0,0,885,2446,3331,11.97
304,10/31/2011,0,10,0,1,1,362,3307,3669,26.45
305,11/1/2011,0,11,0,2,1,410,3658,4068,18.29
306,11/2/2011,0,11,0,3,1,370,3816,4186,19.96
307,11/3/2011,0,11,0,4,1,318,3656,3974,21.62
308,11/4/2011,0,11,0,5,1,470,3576,4046,23.28
309,11/5/2011,0,11,0,6,0,1156,2770,3926,24.94
310,11/6/2011,0,11,0,0,0,952,2697,3649,10.6
311,11/7/2011,0,11,0,1,1,373,3662,4035,28.27
312,11/8/2011,0,11,0,2,1,376,3829,4205,29.93
313,11/9/2011,0,11,0,3,1,305,3804,4109,31.59
314,11/10/2011,0,11,0,4,1,190,2743,2933,33.25
315,11/11/2011,0,11,1,5,0,440,2928,3368,34.91
316,11/12/2011,0,11,0,6,0,1275,2792,4067,26.58
317,11/13/2011,0,11,0,0,0,1004,2713,3717,11.24
318,11/14/2011,0,11,0,1,1,595,3891,4486,22.56
319,11/15/2011,0,11,0,2,1,449,3746,4195,9.24
320,11/16/2011,0,11,0,3,1,145,1672,1817,9.61
321,11/17/2011,0,11,0,4,1,139,2914,3053,9.97
322,11/18/2011,0,11,0,5,1,245,3147,3392,10.34
323,11/19/2011,0,11,0,6,0,943,2720,3663,20.71
324,11/20/2011,0,11,0,0,0,787,2733,3520,11.08
325,11/21/2011,0,11,0,1,1,220,2545,2765,25.44
326,11/22/2011,0,11,0,2,1,69,1538,1607,11.82
327,11/23/2011,0,11,0,3,1,112,2454,2566,12.19
328,11/24/2011,0,11,1,4,0,560,935,1495,12.56
329,11/25/2011,0,11,0,5,1,1095,1697,2792,12.93
330,11/26/2011,0,11,0,6,0,1249,1819,3068,23.3
331,11/27/2011,0,11,0,0,0,810,2261,3071,13.67
332,11/28/2011,0,11,0,1,1,253,3614,3867,24.04
333,11/29/2011,0,11,0,2,1,96,2818,2914,14.41
334,11/30/2011,0,11,0,3,1,188,3425,3613,14.78
335,12/1/2011,0,12,0,4,1,182,3545,3727,15.15
336,12/2/2011,0,12,0,5,1,268,3672,3940,15.51
337,12/3/2011,0,12,0,6,0,706,2908,3614,25.88
338,12/4/2011,0,12,0,0,0,634,2851,3485,13.25
339,12/5/2011,0,12,0,1,1,233,3578,3811,26.62
340,12/6/2011,0,12,0,2,1,126,2468,2594,16.99
341,12/7/2011,0,12,0,3,1,50,655,705,17.36
342,12/8/2011,0,12,0,4,1,150,3172,3322,17.73
343,12/9/2011,0,12,0,5,1,261,3359,3620,18.1
344,12/10/2011,0,12,0,6,0,502,2688,3190,25.31
345,12/11/2011,0,12,0,0,0,377,2366,2743,12.79
346,12/12/2011,0,12,0,1,1,143,3167,3310,24.52
347,12/13/2011,0,12,0,2,1,155,3368,3523,21.75
348,12/14/2011,0,12,0,3,1,178,3562,3740,28.99
349,12/15/2011,0,12,0,4,1,181,3528,3709,36.22
350,12/16/2011,0,12,0,5,1,178,3399,3577,9.66
351,12/17/2011,0,12,0,6,0,275,2464,2739,21.26
352,12/18/2011,0,12,0,0,0,220,2211,2431,12.87
353,12/19/2011,0,12,0,1,1,260,3143,3403,24.48
354,12/20/2011,0,12,0,2,1,216,3534,3750,16.08
355,12/21/2011,0,12,0,3,1,107,2553,2660,17.69
356,12/22/2011,0,12,0,4,1,227,2841,3068,19.3
357,12/23/2011,0,12,0,5,1,163,2046,2209,20.91
358,12/24/2011,0,12,0,6,0,155,856,1011,22.51
359,12/25/2011,0,12,1,0,0,303,451,754,39.56
360,12/26/2011,0,12,1,1,0,430,887,1317,25.73
361,12/27/2011,0,12,0,2,1,103,1059,1162,27.34
362,12/28/2011,0,12,0,3,1,255,2047,2302,28.94
363,12/29/2011,0,12,0,4,1,254,2169,2423,30.55
364,12/30/2011,0,12,0,5,1,491,2508,2999,32.16
365,12/31/2011,0,12,0,6,0,665,1820,2485,23.76
366,1/1/2012,1,1,1,0,0,686,1608,2294,32.87
367,1/2/2012,1,1,0,1,0,244,1707,1951,30.1
368,1/3/2012,1,1,0,2,1,89,2147,2236,21.98
369,1/4/2012,1,1,0,3,1,95,2273,2368,8.93
370,1/5/2012,1,1,0,4,1,140,3132,3272,9.29
371,1/6/2012,1,1,0,5,1,307,3791,4098,9.65
372,1/7/2012,1,1,0,6,0,1070,3451,4521,20.89
373,1/8/2012,1,1,0,0,0,599,2826,3425,10.36
374,1/9/2012,1,1,0,1,1,106,2270,2376,25.12
375,1/10/2012,1,1,0,2,1,173,3425,3598,11.08
376,1/11/2012,1,1,0,3,1,92,2085,2177,11.43
377,1/12/2012,1,1,0,4,1,269,3828,4097,11.79
378,1/13/2012,1,1,0,5,1,174,3040,3214,12.15
379,1/14/2012,1,1,0,6,0,333,2160,2493,26.5
380,1/15/2012,1,1,0,0,0,284,2027,2311,12.86
381,1/16/2012,1,1,1,1,0,217,2081,2298,23.22
382,1/17/2012,1,1,0,2,1,127,2808,2935,13.58
383,1/18/2012,1,1,0,3,1,109,3267,3376,13.93
384,1/19/2012,1,1,0,4,1,130,3162,3292,14.29
385,1/20/2012,1,1,0,5,1,115,3048,3163,14.65
386,1/21/2012,1,1,0,6,0,67,1234,1301,15
387,1/22/2012,1,1,0,0,0,196,1781,1977,12.36
388,1/23/2012,1,1,0,1,1,145,2287,2432,22.76
389,1/24/2012,1,1,0,2,1,439,3900,4339,16.08
390,1/25/2012,1,1,0,3,1,467,3803,4270,16.43
391,1/26/2012,1,1,0,4,1,244,3831,4075,16.79
392,1/27/2012,1,1,0,5,1,269,3187,3456,17.15
393,1/28/2012,1,1,0,6,0,775,3248,4023,27.5
394,1/29/2012,1,1,0,0,0,558,2685,3243,14.75
395,1/30/2012,1,1,0,1,1,126,3498,3624,29.04
396,1/31/2012,1,1,0,2,1,324,4185,4509,28.54
397,2/1/2012,1,2,0,3,1,304,4275,4579,38.03
398,2/2/2012,1,2,0,4,1,190,3571,3761,10.56
399,2/3/2012,1,2,0,5,1,310,3841,4151,12.67
400,2/4/2012,1,2,0,6,0,384,2448,2832,24.78
401,2/5/2012,1,2,0,0,0,318,2629,2947,12.89
402,2/6/2012,1,2,0,1,1,206,3578,3784,26.45
403,2/7/2012,1,2,0,2,1,199,4176,4375,21.11
404,2/8/2012,1,2,0,3,1,109,2693,2802,23.22
405,2/9/2012,1,2,0,4,1,163,3667,3830,25.33
406,2/10/2012,1,2,0,5,1,227,3604,3831,27.44
407,2/11/2012,1,2,0,6,0,192,1977,2169,29.55
408,2/12/2012,1,2,0,0,0,73,1456,1529,11.66
409,2/13/2012,1,2,0,1,1,94,3328,3422,22.59
410,2/14/2012,1,2,0,2,1,135,3787,3922,35.88
411,2/15/2012,1,2,0,3,1,141,4028,4169,37.99
412,2/16/2012,1,2,0,4,1,74,2931,3005,8.91
413,2/17/2012,1,2,0,5,1,349,3805,4154,9.38
414,2/18/2012,1,2,0,6,0,1435,2883,4318,29.85
415,2/19/2012,1,2,0,0,0,618,2071,2689,10.32
416,2/20/2012,1,2,1,1,0,502,2627,3129,27.06
417,2/21/2012,1,2,0,2,1,163,3614,3777,11.26
418,2/22/2012,1,2,0,3,1,394,4379,4773,11.72
419,2/23/2012,1,2,0,4,1,516,4546,5062,12.19
420,2/24/2012,1,2,0,5,1,246,3241,3487,12.66
421,2/25/2012,1,2,0,6,0,317,2415,2732,23.13
422,2/26/2012,1,2,0,0,0,515,2874,3389,13.6
423,2/27/2012,1,2,0,1,1,253,4069,4322,24.02
424,2/28/2012,1,2,0,2,1,229,4134,4363,14.54
425,2/29/2012,1,2,0,3,1,65,1769,1834,15.01
426,3/1/2012,1,3,0,4,1,325,4665,4990,15.48
427,3/2/2012,1,3,0,5,1,246,2948,3194,15.94
428,3/3/2012,1,3,0,6,0,956,3110,4066,26.41
429,3/4/2012,1,3,0,0,0,710,2713,3423,12.88
430,3/5/2012,1,3,0,1,1,203,3130,3333,27.33
431,3/6/2012,1,3,0,2,1,221,3735,3956,17.82
432,3/7/2012,1,3,0,3,1,432,4484,4916,18.29
433,3/8/2012,1,3,0,4,1,486,4896,5382,18.76
434,3/9/2012,1,3,0,5,1,447,4122,4569,19.23
435,3/10/2012,1,3,0,6,0,968,3150,4118,19.7
436,3/11/2012,1,3,0,0,0,1658,3253,4911,10.16
437,3/12/2012,1,3,0,1,1,838,4460,5298,20.63
438,3/13/2012,1,3,0,2,1,762,5085,5847,21.1
439,3/14/2012,1,3,0,3,1,997,5315,6312,21.57
440,3/15/2012,1,3,0,4,1,1005,5187,6192,22.04
441,3/16/2012,1,3,0,5,1,548,3830,4378,22.51
442,3/17/2012,1,3,0,6,0,3155,4681,7836,22.98
443,3/18/2012,1,3,0,0,0,2207,3685,5892,12.08
444,3/19/2012,1,3,0,1,1,982,5171,6153,24.15
445,3/20/2012,1,3,0,2,1,1051,5042,6093,36.22
446,3/21/2012,1,3,1,3,1,1122,5108,6230,10.73
447,3/22/2012,1,3,0,4,1,1334,5537,6871,13.41
448,3/23/2012,1,3,0,5,1,2469,5893,8362,16.09
449,3/24/2012,1,3,0,6,0,1033,2339,3372,28.78
450,3/25/2012,1,3,0,0,0,1532,3464,4996,11.46
451,3/26/2012,1,3,0,1,1,795,4763,5558,24.14
452,3/27/2012,1,3,0,2,1,531,4571,5102,26.82
453,3/28/2012,1,3,0,3,1,674,5024,5698,29.5
454,3/29/2012,1,3,0,4,1,834,5299,6133,32.19
455,3/30/2012,1,3,0,5,1,796,4663,5459,34.87
456,3/31/2012,1,3,0,6,0,2301,3934,6235,27.55
457,4/1/2012,1,4,0,0,0,2347,3694,6041,9.94
458,4/2/2012,1,4,0,1,1,1208,4728,5936,22.55
459,4/3/2012,1,4,0,2,1,1348,5424,6772,10.13
460,4/4/2012,1,4,0,3,1,1058,5378,6436,10.73
461,4/5/2012,1,4,0,4,1,1192,5265,6457,11.32
462,4/6/2012,1,4,0,5,1,1807,4653,6460,11.92
463,4/7/2012,1,4,0,6,0,3252,3605,6857,22.52
464,4/8/2012,1,4,0,0,0,2230,2939,5169,13.11
465,4/9/2012,1,4,0,1,1,905,4680,5585,23.71
466,4/10/2012,1,4,0,2,1,819,5099,5918,14.3
467,4/11/2012,1,4,0,3,1,482,4380,4862,14.9
468,4/12/2012,1,4,0,4,1,663,4746,5409,15.5
469,4/13/2012,1,4,0,5,1,1252,5146,6398,16.09
470,4/14/2012,1,4,0,6,0,2795,4665,7460,26.69
471,4/15/2012,1,4,0,0,0,2846,4286,7132,12.28
472,4/16/2012,1,4,0,1,0,1198,5172,6370,27.88
473,4/17/2012,1,4,0,2,1,989,5702,6691,18.48
474,4/18/2012,1,4,0,3,1,347,4020,4367,19.07
475,4/19/2012,1,4,0,4,1,846,5719,6565,19.67
476,4/20/2012,1,4,1,5,1,1340,5950,7290,20.26
477,4/21/2012,1,4,0,6,0,2541,4083,6624,20.86
478,4/22/2012,1,4,1,0,0,120,907,1027,11.46
479,4/23/2012,1,4,1,1,1,195,3019,3214,22.05
480,4/24/2012,1,4,0,2,1,518,5115,5633,22.65
481,4/25/2012,1,4,0,3,1,655,5541,6196,23.24
482,4/26/2012,1,4,0,4,1,475,4551,5026,23.84
483,4/27/2012,1,4,0,5,1,1014,5219,6233,24.44
484,4/28/2012,1,4,0,6,0,1120,3100,4220,25.03
485,4/29/2012,1,4,0,0,0,2229,4075,6304,13.63
486,4/30/2012,1,4,0,1,1,665,4907,5572,26.22
487,5/1/2012,1,5,0,2,1,653,5087,5740,26.82
488,5/2/2012,1,5,0,3,1,667,5502,6169,27.42
489,5/3/2012,1,5,0,4,1,764,5657,6421,28.01
490,5/4/2012,1,5,0,5,1,1069,5227,6296,28.61
491,5/5/2012,1,5,0,6,0,2496,4387,6883,29.2
492,5/6/2012,1,5,0,0,0,2135,4224,6359,12.12
493,5/7/2012,1,5,0,1,1,1008,5265,6273,26.09
494,5/8/2012,1,5,0,2,1,738,4990,5728,25.41
495,5/9/2012,1,5,0,3,1,620,4097,4717,33.88
496,5/10/2012,1,5,0,4,1,1026,5546,6572,9.41
497,5/11/2012,1,5,0,5,1,1319,5711,7030,11.29
498,5/12/2012,1,5,0,6,0,2622,4807,7429,23.17
499,5/13/2012,1,5,0,0,0,2172,3946,6118,13.06
500,5/14/2012,1,5,0,1,1,342,2501,2843,26.09
501,5/15/2012,1,5,0,2,1,625,4490,5115,18.82
502,5/16/2012,1,5,0,3,1,991,6433,7424,20.7
503,5/17/2012,1,5,0,4,1,1242,6142,7384,22.58
504,5/18/2012,1,5,0,5,1,1521,6118,7639,24.46
505,5/19/2012,1,5,0,6,0,3410,4884,8294,26.35
506,5/20/2012,1,5,0,0,0,2704,4425,7129,12.23
507,5/21/2012,1,5,0,1,1,630,3729,4359,22.11
508,5/22/2012,1,5,0,2,1,819,5254,6073,31.99
509,5/23/2012,1,5,0,3,1,766,4494,5260,33.87
510,5/24/2012,1,5,0,4,1,1059,5711,6770,35.76
511,5/25/2012,1,5,0,5,1,1417,5317,6734,37.64
512,5/26/2012,1,5,0,6,0,2855,3681,6536,29.52
513,5/27/2012,1,5,0,0,0,3283,3308,6591,9.2
514,5/28/2012,1,5,1,1,0,2557,3486,6043,25.08
515,5/29/2012,1,5,1,2,1,880,4863,5743,10.04
516,5/30/2012,1,5,0,3,1,745,6110,6855,10.45
517,5/31/2012,1,5,0,4,1,1100,6238,7338,10.87
518,6/1/2012,1,6,0,5,1,533,3594,4127,11.29
519,6/2/2012,1,6,0,6,0,2795,5325,8120,11.71
520,6/3/2012,1,6,0,0,0,2494,5147,7641,12.13
521,6/4/2012,1,6,0,1,1,1071,5927,6998,22.33
522,6/5/2012,1,6,0,2,1,968,6033,7001,12.96
523,6/6/2012,1,6,0,3,1,1027,6028,7055,13.38
524,6/7/2012,1,6,0,4,1,1038,6456,7494,13.8
525,6/8/2012,1,6,0,5,1,1488,6248,7736,14.22
526,6/9/2012,1,6,0,6,0,2708,4790,7498,24.64
527,6/10/2012,1,6,0,0,0,2224,4374,6598,15.05
528,6/11/2012,1,6,0,1,1,1017,5647,6664,25.77
529,6/12/2012,1,6,0,2,1,477,4495,4972,15.89
530,6/13/2012,1,6,0,3,1,1173,6248,7421,16.31
531,6/14/2012,1,6,0,4,1,1180,6183,7363,16.73
532,6/15/2012,1,6,0,5,1,1563,6102,7665,17.15
533,6/16/2012,1,6,0,6,0,2963,4739,7702,17.56
534,6/17/2012,1,6,0,0,0,2634,4344,6978,12.98
535,6/18/2012,1,6,0,1,1,653,4446,5099,28.44
536,6/19/2012,1,6,0,2,1,968,5857,6825,18.82
537,6/20/2012,1,6,0,3,1,872,5339,6211,19.24
538,6/21/2012,1,6,0,4,1,778,5127,5905,19.65
539,6/22/2012,1,6,0,5,1,964,4859,5823,20.07
540,6/23/2012,1,6,0,6,0,2657,4801,7458,20.49
541,6/24/2012,1,6,0,0,0,2551,4340,6891,15.17
542,6/25/2012,1,6,0,1,1,1139,5640,6779,22.77
543,6/26/2012,1,6,0,2,1,1077,6365,7442,10.09
544,6/27/2012,1,6,0,3,1,1077,6258,7335,13.45
545,6/28/2012,1,6,0,4,1,921,5958,6879,16.81
546,6/29/2012,1,6,0,5,1,829,4634,5463,20.17
547,6/30/2012,1,6,0,6,0,1455,4232,5687,23.53
548,7/1/2012,1,7,0,0,0,1421,4110,5531,12.89
549,7/2/2012,1,7,0,1,1,904,5323,6227,24.77
550,7/3/2012,1,7,0,2,1,1052,5608,6660,33.6
551,7/4/2012,1,7,1,3,0,2562,4841,7403,36.96
552,7/5/2012,1,7,0,4,1,1405,4836,6241,8.96
553,7/6/2012,1,7,0,5,1,1366,4841,6207,9.71
554,7/7/2012,1,7,0,6,0,1448,3392,4840,10.45
555,7/8/2012,1,7,0,0,0,1203,3469,4672,11.2
556,7/9/2012,1,7,0,1,1,998,5571,6569,22.33
557,7/10/2012,1,7,0,2,1,954,5336,6290,12.69
558,7/11/2012,1,7,0,3,1,975,6289,7264,13.44
559,7/12/2012,1,7,0,4,1,1032,6414,7446,14.19
560,7/13/2012,1,7,0,5,1,1511,5988,7499,14.93
561,7/14/2012,1,7,0,6,0,2355,4614,6969,25.68
562,7/15/2012,1,7,0,0,0,1920,4111,6031,14.43
563,7/16/2012,1,7,0,1,1,1088,5742,6830,27.88
564,7/17/2012,1,7,0,2,1,921,5865,6786,17.92
565,7/18/2012,1,7,0,3,1,799,4914,5713,18.66
566,7/19/2012,1,7,0,4,1,888,5703,6591,19.41
567,7/20/2012,1,7,0,5,1,747,5123,5870,20.16
568,7/21/2012,1,7,0,6,0,1264,3195,4459,20.9
569,7/22/2012,1,7,0,0,0,2544,4866,7410,11.65
570,7/23/2012,1,7,0,1,1,1135,5831,6966,22.4
571,7/24/2012,1,7,0,2,1,1140,6452,7592,23.14
572,7/25/2012,1,7,0,3,1,1383,6790,8173,23.89
573,7/26/2012,1,7,0,4,1,1036,5825,6861,24.64
574,7/27/2012,1,7,0,5,1,1259,5645,6904,25.38
575,7/28/2012,1,7,0,6,0,2234,4451,6685,26.13
576,7/29/2012,1,7,0,0,0,2153,4444,6597,9.88
577,7/30/2012,1,7,0,1,1,1040,6065,7105,27.62
578,7/31/2012,1,7,0,2,1,968,6248,7216,28.37
579,8/1/2012,1,8,0,3,1,1074,6506,7580,29.12
580,8/2/2012,1,8,1,4,1,983,6278,7261,29.86
581,8/3/2012,1,8,1,5,1,1328,5847,7175,30.61
582,8/4/2012,1,8,0,6,0,2345,4479,6824,31.35
583,8/5/2012,1,8,0,0,0,1707,3757,5464,12.1
584,8/6/2012,1,8,0,1,1,1233,5780,7013,22.66
585,8/7/2012,1,8,0,2,1,1278,5995,7273,33.59
586,8/8/2012,1,8,0,3,1,1263,6271,7534,34.34
587,8/9/2012,1,8,0,4,1,1196,6090,7286,35.09
588,8/10/2012,1,8,0,5,1,1065,4721,5786,35.83
589,8/11/2012,1,8,0,6,0,2247,4052,6299,26.58
590,8/12/2012,1,8,0,0,0,2182,4362,6544,13.82
591,8/13/2012,1,8,0,1,1,1207,5676,6883,23.67
592,8/14/2012,1,8,0,2,1,1128,5656,6784,15.77
593,8/15/2012,1,8,0,3,1,1198,6149,7347,21.01
594,8/16/2012,1,8,0,4,1,1338,6267,7605,26.25
595,8/17/2012,1,8,0,5,1,1483,5665,7148,31.49
596,8/18/2012,1,8,0,6,0,2827,5038,7865,26.73
597,8/19/2012,1,8,0,0,0,1208,3341,4549,9.33
598,8/20/2012,1,8,0,1,1,1026,5504,6530,26.55
599,8/21/2012,1,8,0,2,1,1081,5925,7006,11.66
600,8/22/2012,1,8,0,3,1,1094,6281,7375,12.82
601,8/23/2012,1,8,0,4,1,1363,6402,7765,13.98
602,8/24/2012,1,8,0,5,1,1325,6257,7582,15.15
603,8/25/2012,1,8,0,6,0,1829,4224,6053,26.31
604,8/26/2012,1,8,0,0,0,1483,3772,5255,12.48
605,8/27/2012,1,8,0,1,1,989,5928,6917,25.77
606,8/28/2012,1,8,0,2,1,935,6105,7040,19.81
607,8/29/2012,1,8,0,3,1,1177,6520,7697,20.97
608,8/30/2012,1,8,0,4,1,1172,6541,7713,22.13
609,8/31/2012,1,8,0,5,1,1433,5917,7350,23.3
610,9/1/2012,1,9,0,6,0,2352,3788,6140,24.46
611,9/2/2012,1,9,0,0,0,2613,3197,5810,13.63
612,9/3/2012,1,9,1,1,0,1965,4069,6034,26.79
613,9/4/2012,1,9,0,2,1,867,5997,6864,27.96
614,9/5/2012,1,9,0,3,1,832,6280,7112,29.12
615,9/6/2012,1,9,0,4,1,611,5592,6203,30.28
616,9/7/2012,1,9,0,5,1,1045,6459,7504,31.45
617,9/8/2012,1,9,0,6,0,1557,4419,5976,27.61
618,9/9/2012,1,9,0,0,0,2570,5657,8227,13.78
619,9/10/2012,1,9,0,1,1,1118,6407,7525,23.55
620,9/11/2012,1,9,0,2,1,1070,6697,7767,36.11
621,9/12/2012,1,9,0,3,1,1050,6820,7870,37.27
622,9/13/2012,1,9,0,4,1,1054,6750,7804,38.44
623,9/14/2012,1,9,0,5,1,1379,6630,8009,39.6
624,9/15/2012,1,9,0,6,0,3160,5554,8714,29.06
625,9/16/2012,1,9,0,0,0,2166,5167,7333,9.32
626,9/17/2012,1,9,0,1,1,1022,5847,6869,29.58
627,9/18/2012,1,9,0,2,1,371,3702,4073,9.83
628,9/19/2012,1,9,0,3,1,788,6803,7591,10.09
629,9/20/2012,1,9,0,4,1,939,6781,7720,10.35
630,9/21/2012,1,9,0,5,1,1250,6917,8167,10.61
631,9/22/2012,1,9,0,6,0,2512,5883,8395,25.87
632,9/23/2012,1,9,0,0,0,2454,5453,7907,11.13
633,9/24/2012,1,9,0,1,1,1001,6435,7436,21.39
634,9/25/2012,1,9,0,2,1,845,6693,7538,11.65
635,9/26/2012,1,9,0,3,1,787,6946,7733,11.9
636,9/27/2012,1,9,0,4,1,751,6642,7393,12.16
637,9/28/2012,1,9,0,5,1,1045,6370,7415,12.42
638,9/29/2012,1,9,0,6,0,2589,5966,8555,24.68
639,9/30/2012,1,9,0,0,0,2015,4874,6889,14.75
640,10/1/2012,1,10,1,1,1,763,6015,6778,29.26
641,10/2/2012,1,10,0,2,1,315,4324,4639,9.73
642,10/3/2012,1,10,0,3,1,728,6844,7572,12.95
643,10/4/2012,1,10,0,4,1,891,6437,7328,16.17
644,10/5/2012,1,10,0,5,1,1516,6640,8156,19.4
645,10/6/2012,1,10,0,6,0,3031,4934,7965,22.62
646,10/7/2012,1,10,0,0,0,781,2729,3510,15.85
647,10/8/2012,1,10,1,1,0,874,4604,5478,29.07
648,10/9/2012,1,10,0,2,1,601,5791,6392,32.29
649,10/10/2012,1,10,0,3,1,780,6911,7691,35.52
650,10/11/2012,1,10,0,4,1,834,6736,7570,38.74
651,10/12/2012,1,10,0,5,1,1060,6222,7282,9.33
652,10/13/2012,1,10,0,6,0,2252,4857,7109,23.04
653,10/14/2012,1,10,0,0,0,2080,4559,6639,10.76
654,10/15/2012,1,10,0,1,1,760,5115,5875,21.47
655,10/16/2012,1,10,0,2,1,922,6612,7534,12.19
656,10/17/2012,1,10,0,3,1,979,6482,7461,12.91
657,10/18/2012,1,10,0,4,1,1008,6501,7509,13.62
658,10/19/2012,1,10,0,5,1,753,4671,5424,14.34
659,10/20/2012,1,10,0,6,0,2806,5284,8090,25.06
660,10/21/2012,1,10,0,0,0,2132,4692,6824,15.77
661,10/22/2012,1,10,0,1,1,830,6228,7058,22.12
662,10/23/2012,1,10,0,2,1,841,6625,7466,17.21
663,10/24/2012,1,10,0,3,1,795,6898,7693,17.92
664,10/25/2012,1,10,0,4,1,875,6484,7359,18.64
665,10/26/2012,1,10,0,5,1,1182,6262,7444,19.36
666,10/27/2012,1,10,0,6,0,2643,5209,7852,20.07
667,10/28/2012,1,10,0,0,0,998,3461,4459,10.79
668,10/29/2012,1,10,0,1,1,2,20,22,21.5
669,10/30/2012,1,10,0,2,1,87,1009,1096,22.22
670,10/31/2012,1,10,0,3,1,419,5147,5566,22.94
671,11/1/2012,1,11,0,4,1,466,5520,5986,23.65
672,11/2/2012,1,11,0,5,1,618,5229,5847,24.37
673,11/3/2012,1,11,0,6,0,1029,4109,5138,25.09
674,11/4/2012,1,11,0,0,0,1201,3906,5107,12.8
675,11/5/2012,1,11,0,1,1,378,4881,5259,26.52
676,11/6/2012,1,11,0,2,1,466,5220,5686,27.24
677,11/7/2012,1,11,0,3,1,326,4709,5035,27.95
678,11/8/2012,1,11,0,4,1,340,4975,5315,28.67
679,11/9/2012,1,11,0,5,1,709,5283,5992,29.39
680,11/10/2012,1,11,0,6,0,2090,4446,6536,23.1
681,11/11/2012,1,11,0,0,0,2290,4562,6852,10.82
682,11/12/2012,1,11,1,1,0,1097,5172,6269,21.53
683,11/13/2012,1,11,0,2,1,327,3767,4094,32.25
684,11/14/2012,1,11,0,3,1,373,5122,5495,32.97
685,11/15/2012,1,11,0,4,1,320,5125,5445,33.68
686,11/16/2012,1,11,0,5,1,484,5214,5698,34.4
687,11/17/2012,1,11,0,6,0,1313,4316,5629,25.12
688,11/18/2012,1,11,0,0,0,922,3747,4669,14.83
689,11/19/2012,1,11,0,1,1,449,5050,5499,20.98
690,11/20/2012,1,11,0,2,1,534,5100,5634,16.45
691,11/21/2012,1,11,0,3,1,615,4531,5146,21.91
692,11/22/2012,1,11,1,4,0,955,1470,2425,27.37
693,11/23/2012,1,11,0,5,1,1603,2307,3910,32.84
694,11/24/2012,1,11,0,6,0,532,1745,2277,28.3
695,11/25/2012,1,11,0,0,0,309,2115,2424,9.72
696,11/26/2012,1,11,0,1,1,337,4750,5087,21.44
697,11/27/2012,1,11,0,2,1,123,3836,3959,12.15
698,11/28/2012,1,11,0,3,1,198,5062,5260,13.37
699,11/29/2012,1,11,0,4,1,243,5080,5323,14.58
700,11/30/2012,1,11,0,5,1,362,5306,5668,15.8
701,12/1/2012,1,12,0,6,0,951,4240,5191,27.01
702,12/2/2012,1,12,0,0,0,892,3757,4649,12.22
703,12/3/2012,1,12,0,1,1,555,5679,6234,24.99
704,12/4/2012,1,12,0,2,1,551,6055,6606,20.65
705,12/5/2012,1,12,0,3,1,331,5398,5729,21.87
706,12/6/2012,1,12,0,4,1,340,5035,5375,23.08
707,12/7/2012,1,12,0,5,1,349,4659,5008,24.29
708,12/8/2012,1,12,0,6,0,1153,4429,5582,25.51
709,12/9/2012,1,12,0,0,0,441,2787,3228,10.72
710,12/10/2012,1,12,0,1,1,329,4841,5170,27.94
711,12/11/2012,1,12,0,2,1,282,5219,5501,29.15
712,12/12/2012,1,12,0,3,1,310,5009,5319,30.36
713,12/13/2012,1,12,0,4,1,425,5107,5532,31.58
714,12/14/2012,1,12,0,5,1,429,5182,5611,32.79
715,12/15/2012,1,12,0,6,0,767,4280,5047,24.01
716,12/16/2012,1,12,0,0,0,538,3248,3786,15.22
717,12/17/2012,1,12,0,1,1,212,4373,4585,22.67
718,12/18/2012,1,12,0,2,1,433,5124,5557,37.65
719,12/19/2012,1,12,0,3,1,333,4934,5267,38.86
720,12/20/2012,1,12,0,4,1,314,3814,4128,8.91
721,12/21/2012,1,12,0,5,1,221,3402,3623,9.18
722,12/22/2012,1,12,0,6,0,205,1544,1749,29.45
723,12/23/2012,1,12,0,0,0,408,1379,1787,9.72
724,12/24/2012,1,12,0,1,1,174,746,920,23.66
725,12/25/2012,1,12,1,2,0,440,573,1013,37.8
726,12/26/2012,1,12,1,3,1,9,432,441,10.52
727,12/27/2012,1,12,0,4,1,247,1867,2114,10.79
728,12/28/2012,1,12,0,5,1,644,2451,3095,11.06
729,12/29/2012,1,12,0,6,0,159,1182,1341,27.33
730,12/30/2012,1,12,0,0,0,364,1432,1796,11.6
731,12/31/2012,1,12,0,1,1,439,2290,2729,21.87
